
INSERT INTO provincewisevoters (provincename,malevoters,femalevoters)
      VALUES ('punjab',39122082,34085814),
             ('sindh',14612655,12382114),
             ('kpk',11944397,9983722),
             ('balochistan',3016164,2355783),
             ('Islamabad',568406,514623);
             
             INSERT INTO partysymbols (partySymbol,SymbolCode)
          values('axe',14),
          ('Bicycle',27),
          ('Tiger',284),
          ('Rose',226),
          ('Horse',137),
          ('Mug',181),
          ('Mobilephone',177),
          ('Telephone',179),
          ('sofa',12),
          ('Arrow',90),
          ('Fan',240),
          ('Tractor',243),
          ('Bulb',211),
          ('Kite',217),
          ('Table',219);
             
INSERT INTO parties ( PartyID,PartyName,PartyLeader,SymbolCode,ISparticipating)
      VALUES (1,'Balochistan National Party','Sardar Akhter Jan Mengal',14,1),
      (2,'All Pakistan Muslim League (Jinnah)','Nawab Muhammad Faisal',27,1),
	  (3,'Pakistan Muslim League (N)','Muhammad Shehbaz Sharif',284,1),
	  (4,'Pakistan Muslim League (F)','Sibghatullah Shah Pir ',226,1),
	  (5,'Sunni Ittehad Council','Sahibzada Muhammad Hamid',137,1),
      (6,'Aam Admi Tehreek Pakistan','Farhan Ullah Malik',181,1),
	  (7,'Pak Muslim Alliance (Dewan)','Bachoo Dewan',177,1),
        (8,'Pakistan Awami Tehreek','Qazi Zahid Hussain',179,1),
         (9,'Pakistan Peoples Party','Bilawal bhuto zardari',12,1),
		(10,'Pakistan Peoples Party (Workers)','Dr. Safdar Ali Abbasi,',90,1),
        (11,'Pakistan Siraiki Party(T)','Dr. Nukhbah Taj Langah',240,0),
         (12,'Pakistan Tehreek-e-Insaniat','Dr. Muhammad Tufail',243,0),
          (13,'Tehreek Ahl-e-Sunnat Pakistan',' Qazi Muhammad Faiz Rizvi',211,0),
          (14,'Mohajor Qomi Moment','Sohail Zia Butt',217,1),
          (15,'Aam Loeg Ittehad','Mr. Farrukh Zia Shaikh',219,0);
         
   insert INTO candidates( CandidateID,CandidateName)
   values(1,'Anwar ul haq'),
   (2,'Ahsan Iqbal'),
   (3,'Mukhtar Ahmad Khan'),
   (4,'Zulfikhar Ali Bhathi'),
   (5,'Sardar Ayaz Sadiq'),
   (6,'Mian Nawaz Sharif'),
   (7,'Ali Gohar Kan'),
   (8,'Nazeer Ahmad'),
   (9,'Bilawal bhuto zardari'),
   (10,'Mir AMir Khan'),
   (11,'Sardar Aslam Dhool'),
   (12,'Sayes Kurshid  Shah'),
   (13,'Akhtar Mangil'),
   (14,'khuda Baksh'),
   (15,'Jan Akhtar Khan'),
   (16,'Asia Ishaq Sidiqui'),
   (17,'Sayed Rafi ud din');
           
          
insert into winningcandidates(CandidateID,SeatName,PartyId,PolledVotes,GainedVotes,RejectedVotes)
values(1,'NA-75',3,324255,99625,9881),
       (2,'NA-76',3,306286,136279,6460),
        (3,'NA-82',3,293299,108714,8897),
        (4,'NA-85',3,277723,121001,6619),
        (5,'NA-120',3,163139,64320,3337),
        (6,'NA-130',3,319043,179310,3336),
        (7,'NA-199',9,213658,154832,7911),
        (8,'NA-195',9,196358,133830,7123),
        (9,'NA-196',9,145735,85370,1056),
		(10,'NA-197',10,245735,120678,8356),
		(11,'NA-198',10,313658,184381,9921),
        (12,'NA-201',9,189900,121345,7935),
        (13,'NA-256',1,144851,88567,6654),
        (14,'NA-254',1,152220,79304,7745),
        (15,'NA-265',2,122343,78900,6521),
	(16,'NA-232',14,255836,84592,3789),
	(17,'NA-233',14,249226,7090,2835);
	

  

 
   insert into partypositions(PartyID,TerritoryIdentity,Male,Female)
   values (3,'KPK',2,0),
   (3,'ICT',2,0),
   (3,'PJB',43,8),
   (3,'SND',15,2),
   (3,'BOL',3,0),
   (9,'KPK',1,0),
   (9,'ICT',0,0),
   (9,'PJB',4,3),
   (9,'SND',37,7),
   (9,'BOL',2,0),
    (1,'KPK',0,0),
   (1,'ICT',0,0),
   (1,'PJB',0,0),
   (1,'SND',0,0),
   (1,'BOL',1,1),
   (14,'KPK',0,0),
   (14,'ICT',0,0),
   (14,'PJB',0,0),
   (14,'SND',11,6),
   (14,'BOL',0,0),
   (2,'KPK',0,0),
   (2,'ICT',0,0),
   (2,'PJB',0,0),
   (2,'SND',0,0),
   (2,'BOL',0,0),
   (4,'KPK',0,0),
   (4,'ICT',0,0),
   (4,'PJB',0,0),
   (4,'SND',0,0),
   (4,'BOL',0,0),
   (5,'KPK',0,0),
   (5,'ICT',0,0),
   (5,'PJB',0,0),
   (5,'SND',0,0),
   (5,'BOL',0,0),
   (6,'KPK',0,0),
   (6,'ICT',0,0),
   (6,'PJB',1,0),
   (6,'SND',0,0),
   (6,'BOL',0,0),
   (7,'KPK',0,0),
   (7,'ICT',0,0),
   (7,'PJB',0,0),
   (7,'SND',0,0),
   (7,'BOL',0,1),
   (8,'KPK',0,0),
   (8,'ICT',0,0),
   (8,'PJB',0,0),
   (8,'SND',0,0),
   (8,'BOL',0,0),
   (10,'KPK',0,0),
   (10,'ICT',0,0),
   (10,'PJB',1,0),
   (10,'SND',0,1),
   (10,'BOL',0,0),
   (11,'KPK',0,0),
   (11,'ICT',0,0),
   (11,'PJB',0,0),
   (11,'SND',0,0),
   (11,'BOL',0,0),
   (12,'KPK',0,0),
   (12,'ICT',0,0),
   (12,'PJB',0,0),
   (12,'SND',0,0),
   (12,'BOL',0,0),
   (13,'KPK',0,0),
   (13,'ICT',0,0),
   (13,'PJB',0,0),
   (13,'SND',0,0),
   (13,'BOL',0,0),
   (15,'KPK',0,0),
   (15,'ICT',0,0),
   (15,'PJB',0,0),
   (15,'SND',0,0),
   (15,'BOL',0,0);
   
   insert into  seatsdistribution(ProvinceName, PronceSeats)
   values('Punjab',141),
   ('sindh',61),
   ('KPK',45),
   ('Balochistan',16),
   ('Federal',3);
	
   

